Run Date,Action,Symbol,Description,Type,Price ($),Quantity,Commission ($),Fees ($),Accrued Interest ($),Amount ($),Cash Balance ($),Settlement Date

04/30/2026,"REINVESTMENT FIDELITY GOVERNMENT MONEY MARKET (SPAXX) (Cash)",SPAXX,"FIDELITY GOVERNMENT MONEY MARKET",Cash,1,15.21,,,,-15.21,557.24,
04/30/2026,"DIVIDEND RECEIVED FIDELITY GOVERNMENT MONEY MARKET (SPAXX) (Cash)",SPAXX,"FIDELITY GOVERNMENT MONEY MARKET",Cash,,0.000,,,,15.21,557.24,
04/10/2026,"DIVIDEND RECEIVED AGNC INVT CORP COM (AGNC) (Cash)",AGNC,"AGNC INVT CORP COM",Cash,,0.000,,,,579.85,1222.89,
03/31/2026,"REINVESTMENT FIDELITY GOVERNMENT MONEY MARKET (SPAXX) (Cash)",SPAXX,"FIDELITY GOVERNMENT MONEY MARKET",Cash,1,1.8,,,,-1.8,1.81,
03/31/2026,"DIVIDEND RECEIVED FIDELITY GOVERNMENT MONEY MARKET (SPAXX) (Cash)",SPAXX,"FIDELITY GOVERNMENT MONEY MARKET",Cash,,0.000,,,,1.8,1.81,
02/27/2026,"REINVESTMENT FIDELITY GOVERNMENT MONEY MARKET (SPAXX) (Cash)",SPAXX,"FIDELITY GOVERNMENT MONEY MARKET",Cash,1,90.67,,,,-90.67,173.93,
02/27/2026,"DIVIDEND RECEIVED FIDELITY GOVERNMENT MONEY MARKET (SPAXX) (Cash)",SPAXX,"FIDELITY GOVERNMENT MONEY MARKET",Cash,,0.000,,,,90.67,173.93,
01/30/2026,"REINVESTMENT FIDELITY GOVERNMENT MONEY MARKET (SPAXX) (Cash)",SPAXX,"FIDELITY GOVERNMENT MONEY MARKET",Cash,1,63.22,,,,-63.22,48193.72,
01/30/2026,"DIVIDEND RECEIVED FIDELITY GOVERNMENT MONEY MARKET (SPAXX) (Cash)",SPAXX,"FIDELITY GOVERNMENT MONEY MARKET",Cash,,0.000,,,,63.22,48193.72,
12/31/2025,"REINVESTMENT FIDELITY GOVERNMENT MONEY MARKET (SPAXX) (Cash)",SPAXX,"FIDELITY GOVERNMENT MONEY MARKET",Cash,1,1.58,,,,-1.58,1.61,
12/31/2025,"DIVIDEND RECEIVED FIDELITY GOVERNMENT MONEY MARKET (SPAXX) (Cash)",SPAXX,"FIDELITY GOVERNMENT MONEY MARKET",Cash,,0.000,,,,1.58,1.61,
11/28/2025,"REINVESTMENT FIDELITY GOVERNMENT MONEY MARKET (SPAXX) (Cash)",SPAXX,"FIDELITY GOVERNMENT MONEY MARKET",Cash,1,0.41,,,,-0.41,1902.04,
11/28/2025,"DIVIDEND RECEIVED FIDELITY GOVERNMENT MONEY MARKET (SPAXX) (Cash)",SPAXX,"FIDELITY GOVERNMENT MONEY MARKET",Cash,,0.000,,,,0.41,1902.04,
10/31/2025,"REINVESTMENT FIDELITY GOVERNMENT MONEY MARKET (SPAXX) (Cash)",SPAXX,"FIDELITY GOVERNMENT MONEY MARKET",Cash,1,55.44,,,,-55.44,55.46,
10/31/2025,"DIVIDEND RECEIVED FIDELITY GOVERNMENT MONEY MARKET (SPAXX) (Cash)",SPAXX,"FIDELITY GOVERNMENT MONEY MARKET",Cash,,0.000,,,,55.44,55.46,
09/30/2025,"REINVESTMENT FIDELITY GOVERNMENT MONEY MARKET (SPAXX) (Cash)",SPAXX,"FIDELITY GOVERNMENT MONEY MARKET",Cash,1,73.35,,,,-73.35,73.39,
09/30/2025,"DIVIDEND RECEIVED FIDELITY GOVERNMENT MONEY MARKET (SPAXX) (Cash)",SPAXX,"FIDELITY GOVERNMENT MONEY MARKET",Cash,,0.000,,,,73.35,73.39,
09/10/2025,"DIVIDEND RECEIVED AGNC INVT CORP COM (AGNC) (Cash)",AGNC,"AGNC INVT CORP COM",Cash,,0.000,,,,366.39,31394.40,
09/02/2025,"DIVIDEND RECEIVED FORD MTR CO DEL COM (F) (Cash)",F,"FORD MTR CO DEL COM",Cash,,0.000,,,,270.04,541.81,
08/29/2025,"REINVESTMENT FIDELITY GOVERNMENT MONEY MARKET (SPAXX) (Cash)",SPAXX,"FIDELITY GOVERNMENT MONEY MARKET",Cash,1,73,,,,-73,271.77,
08/29/2025,"DIVIDEND RECEIVED FIDELITY GOVERNMENT MONEY MARKET (SPAXX) (Cash)",SPAXX,"FIDELITY GOVERNMENT MONEY MARKET",Cash,,0.000,,,,73,271.77,
07/31/2025,"REINVESTMENT FIDELITY GOVERNMENT MONEY MARKET (SPAXX) (Cash)",SPAXX,"FIDELITY GOVERNMENT MONEY MARKET",Cash,1,99.72,,,,-99.72,29557.02,
07/31/2025,"DIVIDEND RECEIVED FIDELITY GOVERNMENT MONEY MARKET (SPAXX) (Cash)",SPAXX,"FIDELITY GOVERNMENT MONEY MARKET",Cash,,0.000,,,,99.72,29557.02,
06/30/2025,"REINVESTMENT FIDELITY GOVERNMENT MONEY MARKET (SPAXX) (Cash)",SPAXX,"FIDELITY GOVERNMENT MONEY MARKET",Cash,1,51.63,,,,-51.63,31024.28,
06/30/2025,"DIVIDEND RECEIVED FIDELITY GOVERNMENT MONEY MARKET (SPAXX) (Cash)",SPAXX,"FIDELITY GOVERNMENT MONEY MARKET",Cash,,0.000,,,,51.63,31024.28,
06/27/2025,"DIVIDEND RECEIVED HEALTHPEAK PROPERTIES INC COM (DOC) (Cash)",DOC,"HEALTHPEAK PROPERTIES INC COM",Cash,,0.000,,,,26.6,28739.14,
06/10/2025,"DIVIDEND RECEIVED AGNC INVT CORP COM (AGNC) (Cash)",AGNC,"AGNC INVT CORP COM",Cash,,0.000,,,,240.04,5347.88,
06/02/2025,"DIVIDEND RECEIVED FORD MTR CO DEL COM (F) (Cash)",F,"FORD MTR CO DEL COM",Cash,,0.000,,,,64.28,4598.90,
05/30/2025,"DIVIDEND RECEIVED HEALTHPEAK PROPERTIES INC COM (DOC) (Cash)",DOC,"HEALTHPEAK PROPERTIES INC COM",Cash,,0.000,,,,26.6,4534.62,
05/30/2025,"REINVESTMENT FIDELITY GOVERNMENT MONEY MARKET (SPAXX) (Cash)",SPAXX,"FIDELITY GOVERNMENT MONEY MARKET",Cash,1,8.02,,,,-8.02,4508.02,
05/30/2025,"DIVIDEND RECEIVED FIDELITY GOVERNMENT MONEY MARKET (SPAXX) (Cash)",SPAXX,"FIDELITY GOVERNMENT MONEY MARKET",Cash,,0.000,,,,8.02,4508.02,
05/09/2025,"REINVESTMENT AGNC INVT CORP COM (AGNC) (Cash)",AGNC,"AGNC INVT CORP COM",Cash,8.87,25.262,,,,-224,0.01,
05/09/2025,"DIVIDEND RECEIVED AGNC INVT CORP COM (AGNC) (Cash)",AGNC,"AGNC INVT CORP COM",Cash,,0.000,,,,224,224.01,
04/15/2025,"REINVESTMENT ENERGY SVCS ACQUISITION CORP COM (ESOA) (Cash)",ESOA,"ENERGY SVCS ACQUISITION CORP COM",Cash,8.67,1.614,,,,-13.99,0.01,
04/15/2025,"DIVIDEND RECEIVED ENERGY SVCS ACQUISITION CORP COM (ESOA) (Cash)",ESOA,"ENERGY SVCS ACQUISITION CORP COM",Cash,,0.000,,,,13.99,14.00,
04/09/2025,"REINVESTMENT AGNC INVT CORP COM (AGNC) (Cash)",AGNC,"AGNC INVT CORP COM",Cash,8.86,24.826,,,,-220,0.01,
04/09/2025,"DIVIDEND RECEIVED AGNC INVT CORP COM (AGNC) (Cash)",AGNC,"AGNC INVT CORP COM",Cash,,0.000,,,,220,220.01,
03/31/2025,"REINVESTMENT FIDELITY GOVERNMENT MONEY MARKET (SPAXX) (Cash)",SPAXX,"FIDELITY GOVERNMENT MONEY MARKET",Cash,1,0.38,,,,-0.38,0.39,
03/31/2025,"DIVIDEND RECEIVED FIDELITY GOVERNMENT MONEY MARKET (SPAXX) (Cash)",SPAXX,"FIDELITY GOVERNMENT MONEY MARKET",Cash,,0.000,,,,0.38,0.39,
03/11/2025,"REINVESTMENT AGNC INVT CORP COM (AGNC) (Cash)",AGNC,"AGNC INVT CORP COM",Cash,10.39,20.709,,,,-215.12,119.64,
03/11/2025,"DIVIDEND RECEIVED AGNC INVT CORP COM (AGNC) (Cash)",AGNC,"AGNC INVT CORP COM",Cash,,0.000,,,,215.12,334.76,
03/03/2025,"REINVESTMENT FORD MTR CO DEL COM (F) (Cash)",F,"FORD MTR CO DEL COM",Cash,9.51,6.553,,,,-62.32,2.41,
03/03/2025,"REINVESTMENT FORD MTR CO DEL COM (F) (Cash)",F,"FORD MTR CO DEL COM",Cash,9.51,6.553,,,,-62.32,64.73,
03/03/2025,"DIVIDEND RECEIVED FORD MTR CO DEL COM (F) (Cash)",F,"FORD MTR CO DEL COM",Cash,,0.000,,,,62.32,127.05,
03/03/2025,"DIVIDEND RECEIVED FORD MTR CO DEL COM (F) (Cash)",F,"FORD MTR CO DEL COM",Cash,,0.000,,,,62.32,64.73,
02/28/2025,"REINVESTMENT FIDELITY GOVERNMENT MONEY MARKET (SPAXX) (Cash)",SPAXX,"FIDELITY GOVERNMENT MONEY MARKET",Cash,1,1.97,,,,-1.97,2.41,
02/28/2025,"DIVIDEND RECEIVED FIDELITY GOVERNMENT MONEY MARKET (SPAXX) (Cash)",SPAXX,"FIDELITY GOVERNMENT MONEY MARKET",Cash,,0.000,,,,1.97,2.41,
02/11/2025,"REINVESTMENT AGNC INVT CORP COM (AGNC) (Cash)",AGNC,"AGNC INVT CORP COM",Cash,10.13,13.196,,,,-133.62,3.39,
02/11/2025,"DIVIDEND RECEIVED AGNC INVT CORP COM (AGNC) (Cash)",AGNC,"AGNC INVT CORP COM",Cash,,0.000,,,,133.62,137.01,
01/13/2025,"REINVESTMENT as of Jan-10-2025 AGNC INVT CORP COM (AGNC) (Cash)",AGNC,"AGNC INVT CORP COM",Cash,9.2,14.341,,,,-131.9,0.90,
01/13/2025,"DIVIDEND RECEIVED as of Jan-10-2025 AGNC INVT CORP COM (AGNC) (Cash)",AGNC,"AGNC INVT CORP COM",Cash,,0.000,,,,131.9,132.80,
01/02/2025,"REINVESTMENT ENERGY SVCS ACQUISITION CORP COM (ESOA) (Cash)",ESOA,"ENERGY SVCS ACQUISITION CORP COM",Cash,12.63,0.713,,,,-9,0.90,
01/02/2025,"DIVIDEND RECEIVED ENERGY SVCS ACQUISITION CORP COM (ESOA) (Cash)",ESOA,"ENERGY SVCS ACQUISITION CORP COM",Cash,,0.000,,,,9,9.90,
12/31/2024,"REINVESTMENT FIDELITY GOVERNMENT MONEY MARKET (SPAXX) (Cash)",SPAXX,"FIDELITY GOVERNMENT MONEY MARKET",Cash,1,0.01,,,,-0.01,0.90,
12/31/2024,"DIVIDEND RECEIVED FIDELITY GOVERNMENT MONEY MARKET (SPAXX) (Cash)",SPAXX,"FIDELITY GOVERNMENT MONEY MARKET",Cash,,0.000,,,,0.01,0.90,
12/30/2024,"REINVESTMENT ARES CAPITAL CORP COM (ARCC) (Cash)",ARCC,"ARES CAPITAL CORP COM",Cash,21.99,10.122,,,,-222.62,0.89,
12/30/2024,"DIVIDEND RECEIVED ARES CAPITAL CORP COM (ARCC) (Cash)",ARCC,"ARES CAPITAL CORP COM",Cash,,0.000,,,,222.62,223.51,
12/10/2024,"REINVESTMENT AGNC INVT CORP COM (AGNC) (Cash)",AGNC,"AGNC INVT CORP COM",Cash,9.71,9.516,,,,-92.41,0.00,
12/10/2024,"DIVIDEND RECEIVED AGNC INVT CORP COM (AGNC) (Cash)",AGNC,"AGNC INVT CORP COM",Cash,,0.000,,,,92.41,92.41,
12/02/2024,"DIVIDEND RECEIVED FORD MTR CO DEL COM (F) (Cash)",F,"FORD MTR CO DEL COM",Cash,,0.000,,,,45,0.00,
11/29/2024,"REINVESTMENT FIDELITY GOVERNMENT MONEY MARKET (SPAXX) (Cash)",SPAXX,"FIDELITY GOVERNMENT MONEY MARKET",Cash,1,1.92,,,,-1.92,1.93,
11/29/2024,"DIVIDEND RECEIVED FIDELITY GOVERNMENT MONEY MARKET (SPAXX) (Cash)",SPAXX,"FIDELITY GOVERNMENT MONEY MARKET",Cash,,0.000,,,,1.92,1.93,
11/07/2024,"DIVIDEND RECEIVED as of Nov-06-2024 BRITISH AMERICAN TOBACCO LVL II ADR ... (BTI) (Cash)",BTI,"BRITISH AMERICAN TOBACCO LVL II ADR EAC",Cash,,0.000,,,,314.98,2422.14,
10/31/2024,"REINVESTMENT FIDELITY GOVERNMENT MONEY MARKET (SPAXX) (Cash)",SPAXX,"FIDELITY GOVERNMENT MONEY MARKET",Cash,1,1.66,,,,-1.66,1.69,
10/31/2024,"DIVIDEND RECEIVED FIDELITY GOVERNMENT MONEY MARKET (SPAXX) (Cash)",SPAXX,"FIDELITY GOVERNMENT MONEY MARKET",Cash,,0.000,,,,1.66,1.69,
09/30/2024,"REINVESTMENT FIDELITY GOVERNMENT MONEY MARKET (SPAXX) (Cash)",SPAXX,"FIDELITY GOVERNMENT MONEY MARKET",Cash,1,0.01,,,,-0.01,0.12,
09/30/2024,"DIVIDEND RECEIVED FIDELITY GOVERNMENT MONEY MARKET (SPAXX) (Cash)",SPAXX,"FIDELITY GOVERNMENT MONEY MARKET",Cash,,0.000,,,,0.01,0.12,
08/30/2024,"REINVESTMENT FIDELITY GOVERNMENT MONEY MARKET (SPAXX) (Cash)",SPAXX,"FIDELITY GOVERNMENT MONEY MARKET",Cash,1,0.01,,,,-0.01,1.78,
08/30/2024,"DIVIDEND RECEIVED FIDELITY GOVERNMENT MONEY MARKET (SPAXX) (Cash)",SPAXX,"FIDELITY GOVERNMENT MONEY MARKET",Cash,,0.000,,,,0.01,1.78,
08/09/2024,"REINVESTMENT as of Aug-07-2024 BRITISH AMERICAN TOBACCO LVL II ADR ... (BTI) (Cash)",BTI,"BRITISH AMERICAN TOBACCO LVL II ADR EAC",Cash,35.86,8.391,,,,-300.9,1.77,
08/09/2024,"DIVIDEND RECEIVED as of Aug-07-2024 BRITISH AMERICAN TOBACCO LVL II ADR ... (BTI) (Cash)",BTI,"BRITISH AMERICAN TOBACCO LVL II ADR EAC",Cash,,0.000,,,,304.95,306.72,
07/31/2024,"REINVESTMENT FIDELITY GOVERNMENT MONEY MARKET (SPAXX) (Cash)",SPAXX,"FIDELITY GOVERNMENT MONEY MARKET",Cash,1,0.01,,,,-0.01,1.77,
07/31/2024,"DIVIDEND RECEIVED FIDELITY GOVERNMENT MONEY MARKET (SPAXX) (Cash)",SPAXX,"FIDELITY GOVERNMENT MONEY MARKET",Cash,,0.000,,,,0.01,1.77,
06/28/2024,"REINVESTMENT FIDELITY GOVERNMENT MONEY MARKET (SPAXX) (Cash)",SPAXX,"FIDELITY GOVERNMENT MONEY MARKET",Cash,1,0.01,,,,-0.01,1.76,
06/28/2024,"DIVIDEND RECEIVED FIDELITY GOVERNMENT MONEY MARKET (SPAXX) (Cash)",SPAXX,"FIDELITY GOVERNMENT MONEY MARKET",Cash,,0.000,,,,0.01,1.76,
05/31/2024,"REINVESTMENT FIDELITY GOVERNMENT MONEY MARKET (SPAXX) (Cash)",SPAXX,"FIDELITY GOVERNMENT MONEY MARKET",Cash,1,0.01,,,,-0.01,1.75,
05/31/2024,"DIVIDEND RECEIVED FIDELITY GOVERNMENT MONEY MARKET (SPAXX) (Cash)",SPAXX,"FIDELITY GOVERNMENT MONEY MARKET",Cash,,0.000,,,,0.01,1.75,

