Symbol(CUSIP),Security description,Date acquired,Date sold,Quantity,Cost basis,Proceeds,Short-term gain/loss,Long-term gain/loss
ABR250328P11.5(7703199QK),PUT (ABR) ARBOR REALTY TRUST MAR 28 25 $11.5 (100 SHS),2025-02-26,2025-02-24,4,$164.11,$217.29, --,$53.18,
AGNC(00123Q104),AGNC INVT CORP COM,2026-03-16,2026-04-09,0.103,$1.07,$1.07, --,$0.00,
AGNC(00123Q104),AGNC INVT CORP COM,2026-03-16,2026-04-09,1,$10.42,$10.41, --, -$0.01,
AGNC(00123Q104),AGNC INVT CORP COM,2026-03-16,2026-04-09,"4,831","$50,363.18","$50,313.83", --, -$49.35,
AGNC(00123Q104),AGNC INVT CORP COM,2025-08-28,2025-09-03,0.21,$2.06,$2.06, --,$0.00,
AGNC(00123Q104),AGNC INVT CORP COM,2025-08-28,2025-09-03,"3,050","$29,890.00","$29,940.32", --,$50.32,
AGNC(00123Q104),AGNC INVT CORP COM,2025-08-28,2025-09-03,3,$29.41,$29.45, --,$0.04,
AGNC(00123Q104),AGNC INVT CORP COM,2025-05-22,2025-06-16,0.33,$2.91,$3.09, --,$0.18,
AGNC(00123Q104),AGNC INVT CORP COM,2025-05-22,2025-06-16,100,$882.50,$937.50, --,$55.00,
AGNC(00123Q104),AGNC INVT CORP COM,2025-05-22,2025-06-16,7,$61.77,$65.63, --,$3.86,
AGNC(00123Q104),AGNC INVT CORP COM,2025-05-22,2025-06-16,0.649,$5.72,$6.08, --,$0.36,
AGNC(00123Q104),AGNC INVT CORP COM,2025-05-22,2025-06-16,0.387,$3.42,$3.61, --,$0.19,
AGNC(00123Q104),AGNC INVT CORP COM,2025-05-08,2025-06-16,25.262,$0.00,$236.83, --,$236.83,
AGNC(00123Q104),AGNC INVT CORP COM,2025-04-09,2025-06-16,8,$68.75,$75.00, --,$6.25,
AGNC(00123Q104),AGNC INVT CORP COM,2025-04-09,2025-06-16,0.571,$4.91,$5.35, --,$0.44,
AGNC(00123Q104),AGNC INVT CORP COM,2025-04-08,2025-06-16,24.826,$0.00,$232.74, --,$232.74,
AGNC(00123Q104),AGNC INVT CORP COM,2025-03-28,2025-06-16,0.385,$3.67,$3.61, --, -$0.06,
AGNC(00123Q104),AGNC INVT CORP COM,2025-03-28,2025-06-16,3,$28.60,$28.13, --, -$0.47,
AGNC(00123Q104),AGNC INVT CORP COM,2025-03-21,2025-06-16,16,$163.84,$150.00, --, -$13.84,
AGNC(00123Q104),AGNC INVT CORP COM,2025-03-21,2025-06-16,0.506,$5.18,$4.74, --, -$0.44,
AGNC(00123Q104),AGNC INVT CORP COM,2025-03-10,2025-06-16,20.709,$0.00,$194.15, --,$194.15,
AGNC(00123Q104),AGNC INVT CORP COM,2025-02-26,2025-06-16,491,"$5,168.46","$4,603.13", --, -$565.33,
AGNC(00123Q104),AGNC INVT CORP COM,2025-02-26,2025-06-16,0.001,$0.01,$0.01, --,$0.00,
AGNC(00123Q104),AGNC INVT CORP COM,2025-02-26,2025-06-16,1,$10.52,$9.38, --, -$1.14,
AGNC(00123Q104),AGNC INVT CORP COM,2025-02-21,2025-06-16,0.859,$9.05,$8.05, --, -$1.00,
AGNC(00123Q104),AGNC INVT CORP COM,2025-02-10,2025-06-16,13.196,$0.00,$123.71, --,$123.71,
AGNC(00123Q104),AGNC INVT CORP COM,2025-02-07,2025-06-16,284,"$2,854.17","$2,662.50", --, -$191.67,
AGNC(00123Q104),AGNC INVT CORP COM,2025-01-10,2025-06-16,14.341,$0.00,$134.45, --,$134.45,
AGNC(00123Q104),AGNC INVT CORP COM,2024-12-26,2025-06-16,0.552,$5.18,$5.18, --,$0.00,
AGNC(00123Q104),AGNC INVT CORP COM,2024-12-26,2025-06-16,319,"$2,993.82","$2,990.63", --, -$3.19,
AGNC(00123Q104),AGNC INVT CORP COM,2024-12-09,2025-06-16,9.516,$0.00,$89.21, --,$89.21,
AGNC(00123Q104),AGNC INVT CORP COM,2024-11-11,2025-06-16,659.169,"$6,379.71","$6,179.71", --, -$200.00,
AGNC(00123Q104),AGNC INVT CORP COM,2024-11-11,2025-06-16,0.071,$0.69,$0.67, --, -$0.02,
AGNC(00123Q104),AGNC INVT CORP COM,2024-11-11,2025-02-04,0.831,$8.04,$8.24, --,$0.20,
AGNC(00123Q104),AGNC INVT CORP COM,2024-11-11,2025-02-04,110,"$1,064.62","$1,091.71", --,$27.09,
AGNC250221C10(7528249NJ),CALL (AGNC) AGNC INVT CORP COM FEB 21 25 $10 (100 SHS),2025-02-21,2025-02-18,3,$156.08,$132.97, --, -$23.11,
AGNC250221C10(7528249NJ),CALL (AGNC) AGNC INVT CORP COM FEB 21 25 $10 (100 SHS),2025-02-21,2025-02-18,3,$156.08,$141.97, --, -$14.11,
AGNC250321C10.5(7739389LF),CALL (AGNC) AGNC INVT CORP COM MAR 21 25 $10.5 (100 SHS),2025-03-21,2025-03-13,8,$8.23,$30.17, --,$21.94,
AGNC250321C10.5(7739389LF),CALL (AGNC) AGNC INVT CORP COM MAR 21 25 $10.5 (100 SHS),2025-03-21,2025-03-13,10,$10.28,$37.72, --,$27.44,
AGNC250321C10.5(7739389LF),CALL (AGNC) AGNC INVT CORP COM MAR 21 25 $10.5 (100 SHS),2025-03-11,2025-03-05,7,$35.20,$66.30, --,$31.10,
AGNC250321C10.5(7739389LF),CALL (AGNC) AGNC INVT CORP COM MAR 21 25 $10.5 (100 SHS),2025-03-11,2025-03-05,10,$50.28,$94.72, --,$44.44,
AGNC250417C10.5(7793599OI),CALL (AGNC) AGNC INVT CORP COM APR 17 25 $10.5 (100 SHS),2025-03-28,2025-03-24,5,$5.14,$14.11, --,$8.97,
AGNC250417C10.5(7793599OI),CALL (AGNC) AGNC INVT CORP COM APR 17 25 $10.5 (100 SHS),2025-03-28,2025-03-24,1,$1.03,$2.82, --,$1.79,
AGNC250417C10.5(7793599OI),CALL (AGNC) AGNC INVT CORP COM APR 17 25 $10.5 (100 SHS),2025-03-28,2025-03-24,12,$12.34,$33.86, --,$21.52,
AGNC250613P9(7872139TP),PUT (AGNC) AGNC INVT CORP COM JUN 13 25 $9 (100 SHS),2025-06-03,2025-05-20,5,$60.15,$66.60, --,$6.45,
AGNC250620C9(7441759PN),CALL (AGNC) AGNC INVT CORP COM JUN 20 25 $9 (100 SHS),2025-05-21,2025-05-19,18,$306.53,$437.77, --,$131.24,
AGNC250711C9(7925489NN),CALL (AGNC) AGNC INVT CORP COM JUL 11 25 $9 (100 SHS),2025-06-13,2025-06-05,20,$780.59,$546.41, --, -$234.18,
AGNC250919C10(7590119GC),CALL (AGNC) AGNC INVT CORP COM SEP 19 25 $10 (100 SHS),2025-09-03,2025-08-28,10,$90.23,$66.25, --, -$23.98,
AGNC250919C10(7590119GC),CALL (AGNC) AGNC INVT CORP COM SEP 19 25 $10 (100 SHS),2025-09-03,2025-08-28,10,$90.23,$66.26, --, -$23.97,
AGNC250919C10(7590119GC),CALL (AGNC) AGNC INVT CORP COM SEP 19 25 $10 (100 SHS),2025-09-03,2025-08-28,10,$90.23,$66.26, --, -$23.97,
ARCC(04010L103),ARES CAPITAL CORP COM,2024-12-27,2025-02-07,0.487,$0.00,$11.04, --,$11.04,
ARCC(04010L103),ARES CAPITAL CORP COM,2024-12-27,2025-02-07,9.635,$0.00,$218.37, --,$218.37,
ARCC(04010L103),ARES CAPITAL CORP COM,2024-11-11,2025-02-07,116.365,"$2,508.83","$2,637.37", --,$128.54,
ARCC(04010L103),ARES CAPITAL CORP COM,2024-11-11,2025-02-03,0.385,$8.30,$9.15, --,$0.85,
ARCC(04010L103),ARES CAPITAL CORP COM,2024-11-11,2025-02-03,210,"$4,527.60","$4,990.70", --,$463.10,
ARCC(04010L103),ARES CAPITAL CORP COM,2024-11-11,2024-12-26,0.048,$1.03,$1.05, --,$0.02,
ARCC(04010L103),ARES CAPITAL CORP COM,2024-11-11,2024-12-26,100,"$2,156.50","$2,188.93", --,$32.43,
ARCC(04010L103),ARES CAPITAL CORP COM,2024-11-11,2024-12-26,36.202,$780.52,$792.44, --,$11.92,
ARCC(04010L103),ARES CAPITAL CORP COM,2024-11-11,2024-12-26,0.798,$17.21,$17.47, --,$0.26,
BAC251010P49(8106149OI),PUT (BAC) BANK AMERICA CORP OCT 10 25 $49 (100 SHS),2025-09-10,2025-09-09,6,$412.04,$433.96, --,$21.92,
BBW(120076104),BUILD-A-BEAR WORKSHOP INC COM,2024-10-24,2024-11-04,0.509,$18.88,$19.28, --,$0.40,
BBW(120076104),BUILD-A-BEAR WORKSHOP INC COM,2024-10-24,2024-11-04,0.509,$18.87,$19.28, --,$0.41,
BBW(120076104),BUILD-A-BEAR WORKSHOP INC COM,2024-10-24,2024-11-04,85.491,"$3,170.86","$3,238.39", --,$67.53,
BTI(110448107),BRITISH AMERICAN TOBACCO LVL II ADR EACH REP 1 ORD GBP0.25 BNY,2024-08-08,2024-09-30,0.973,$0.00,$35.67, --,$35.67,
BTI(110448107),BRITISH AMERICAN TOBACCO LVL II ADR EACH REP 1 ORD GBP0.25 BNY,2024-08-08,2024-09-30,7.418,$0.00,$272.01, --,$272.01,
BTI(110448107),BRITISH AMERICAN TOBACCO LVL II ADR EACH REP 1 ORD GBP0.25 BNY,2024-05-08,2024-09-30,9.501,$0.00,$348.39, --,$348.39,
BTI(110448107),BRITISH AMERICAN TOBACCO LVL II ADR EACH REP 1 ORD GBP0.25 BNY,2024-02-16,2024-09-30,0.081,$2.47,$2.97, --,$0.50,
BTI(110448107),BRITISH AMERICAN TOBACCO LVL II ADR EACH REP 1 ORD GBP0.25 BNY,2024-02-16,2024-09-30,394,"$12,017.00","$14,447.58", --,$2430.58,
BTI(110448107),BRITISH AMERICAN TOBACCO LVL II ADR EACH REP 1 ORD GBP0.25 BNY,2024-02-16,2024-09-30,1,$30.51,$36.67, --,$6.16,
CPB(134429109),THE CAMPBELL'S COMPANY COMMON STOCK,2025-09-08,2025-09-08,295.836,"$9,988.90","$10,067.30", --,$78.40,
CPB(134429109),THE CAMPBELL'S COMPANY COMMON STOCK,2025-09-08,2025-09-08,0.164,$5.54,$5.58, --,$0.04,
CPB(134429109),THE CAMPBELL'S COMPANY COMMON STOCK,2025-09-08,2025-09-08,4,$133.60,$136.12, --,$2.52,
CPB(134429109),THE CAMPBELL'S COMPANY COMMON STOCK,2025-09-08,2025-09-08,0.164,$5.54,$5.58, --,$0.04,
CRCL(172573107),CIRCLE INTERNET GROUP INC COM CL A,2025-07-10,2025-07-16,4.04,$826.14,$960.92, --,$134.78,
CRCL(172573107),CIRCLE INTERNET GROUP INC COM CL A,2025-07-10,2025-07-16,0.96,$196.43,$228.34, --,$31.91,
CRCL(172573107),CIRCLE INTERNET GROUP INC COM CL A,2025-07-10,2025-07-16,0.96,$196.31,$228.32, --,$32.01,
DOC(42250P103),HEALTHPEAK PROPERTIES INC COM,2025-05-16,2025-06-16,0.195,$3.39,$3.39, --,$0.00,
DOC(42250P103),HEALTHPEAK PROPERTIES INC COM,2025-05-16,2025-06-16,0.428,$7.45,$7.43, --, -$0.02,
DOC(42250P103),HEALTHPEAK PROPERTIES INC COM,2025-05-16,2025-06-16,198.805,"$3,459.11","$3,455.23", --, -$3.88,
DOC(42250P103),HEALTHPEAK PROPERTIES INC COM,2025-05-13,2025-06-16,62,"$1,081.59","$1,077.56", --, -$4.03,
DOC(42250P103),HEALTHPEAK PROPERTIES INC COM,2025-05-13,2025-06-16,0.195,$3.40,$3.39, --, -$0.01,
DOC250516P17.5(7782229BX),PUT (DOC) HEALTHPEAK MAY 16 25 $17.5 (100 SHS),2025-05-16,2025-05-13,2,$30.06,$48.64, --,$18.58,
DOC250620C17.5(7844569HH),CALL (DOC) HEALTHPEAK JUN 20 25 $17.5 (100 SHS),2025-06-13,2025-05-16,2,$28.06,$86.64, --,$58.58,
DOW250627P27(7882509VT),PUT (DOW) DOW INC COM JUN 27 25 $27 (100 SHS),2025-06-24,2025-06-23,10,$260.29,$323.21, --,$62.92,
DRIV(37954Y624),GLOBAL X FDS AUTONMOUS EV ETF,2024-01-09,2024-02-15,4,$94.56,$95.08, --,$0.52,
DRIV(37954Y624),GLOBAL X FDS AUTONMOUS EV ETF,2024-01-08,2024-02-15,1,$23.59,$23.77, --,$0.18,
DRIV(37954Y624),GLOBAL X FDS AUTONMOUS EV ETF,2023-12-13,2024-02-15,2,$46.60,$47.54, --,$0.94,
DRIV(37954Y624),GLOBAL X FDS AUTONMOUS EV ETF,2023-12-12,2024-02-15,499,"$11,666.62","$11,861.13", --,$194.51,
ESOA(29271Q103),ENERGY SVCS ACQUISITION CORP COM,2025-04-14,2025-05-20,0.905,$0.00,$10.00, --,$10.00,
ESOA(29271Q103),ENERGY SVCS ACQUISITION CORP COM,2025-04-14,2025-05-20,0.709,$0.00,$7.83, --,$7.83,
ESOA(29271Q103),ENERGY SVCS ACQUISITION CORP COM,2025-02-03,2025-05-20,165,"$1,880.98","$1,823.78", --, -$57.20,
ESOA(29271Q103),ENERGY SVCS ACQUISITION CORP COM,2025-02-03,2025-05-20,0.578,$6.55,$6.39, --, -$0.16,
ESOA(29271Q103),ENERGY SVCS ACQUISITION CORP COM,2024-12-31,2025-05-20,0.713,$0.00,$7.88, --,$7.88,
ESOA(29271Q103),ENERGY SVCS ACQUISITION CORP COM,2024-11-04,2025-05-20,100,"$1,163.95","$1,105.32", --, -$58.63,
ESOA(29271Q103),ENERGY SVCS ACQUISITION CORP COM,2024-10-23,2025-05-20,200,"$2,012.00","$2,210.64", --,$198.64,
F(345370860),FORD MTR CO DEL COM,2025-08-08,2025-08-15,"1,599.73","$18,052.95","$17,938.18", --, -$114.77,
F(345370860),FORD MTR CO DEL COM,2025-08-08,2025-08-15,1,$11.28,$11.21, --, -$0.07,
F(345370860),FORD MTR CO DEL COM,2025-08-08,2025-08-15,171,"$1,929.67","$1,917.47", --, -$12.20,
F(345370860),FORD MTR CO DEL COM,2025-08-08,2025-08-15,28,$316.78,$313.97, --, -$2.81,
F(345370860),FORD MTR CO DEL COM,2025-08-08,2025-08-15,0.27,$3.05,$3.03, --, -$0.02,
F(345370860),FORD MTR CO DEL COM,2025-08-08,2025-08-18,0.27,$3.05,$3.09, --,$0.04,
F(345370860),FORD MTR CO DEL COM,2025-02-28,2025-05-12,6.553,$0.00,$69.36, --,$69.36,
F(345370860),FORD MTR CO DEL COM,2025-02-28,2025-05-12,6.553,$0.00,$69.36, --,$69.36,
F(345370860),FORD MTR CO DEL COM,2025-02-10,2025-05-12,1,$9.23,$10.59, --,$1.36,
F(345370860),FORD MTR CO DEL COM,2025-02-04,2025-05-12,0.215,$2.15,$2.28, --,$0.13,
F(345370860),FORD MTR CO DEL COM,2025-02-04,2025-05-12,110,"$1,097.80","$1,164.36", --,$66.56,
F(345370860),FORD MTR CO DEL COM,2024-12-02,2025-05-12,0.239,$2.65,$2.53, --, -$0.12,
F(345370860),FORD MTR CO DEL COM,2024-12-02,2025-05-12,4,$44.28,$42.34, --, -$1.94,
F(345370860),FORD MTR CO DEL COM,2024-11-04,2025-05-12,100,"$1,048.50","$1,058.51", --,$10.01,
F(345370860),FORD MTR CO DEL COM,2024-10-23,2025-05-12,199.44,"$2,204.81","$2,111.09", --, -$93.72,
F(345370860),FORD MTR CO DEL COM,2024-10-23,2025-05-12,0.56,$6.19,$5.93, --, -$0.26,
F250404C10.35(7720079WQ),CALL (F) FORD MTR CO DEL COM APR 04 25 $10.35 (100 SHS),2025-04-04,2025-03-07,4,$0.00,$41.69, --,$41.69,
F250509C10.5(7800289DX),CALL (F) FORD MTR CO DEL COM MAY 09 25 $10.5 (100 SHS),2025-05-09,2025-04-09,4,$0.00,$73.28, --,$73.28,
F250606P10(7862519KK),PUT (F) FORD MTR CO DEL COM JUN 06 25 $10 (100 SHS),2025-06-06,2025-06-03,4,$0.00,$22.68, --,$22.68,
F250815P11(7926549FF),PUT (F) FORD MTR CO DEL COM AUG 15 25 $11 (100 SHS),2025-08-08,2025-07-10,6,$66.15,$133.94, --,$67.79,
F250815P11(7926549FF),PUT (F) FORD MTR CO DEL COM AUG 15 25 $11 (100 SHS),2025-08-08,2025-07-10,19,$209.46,$405.15, --,$195.69,
F250912C11.5(8051579VV),CALL (F) FORD MTR CO DEL COM SEP 12 25 $11.5 (100 SHS),2025-08-11,2025-08-08,1,$31.02,$22.33, --, -$8.69,
F250912C11.5(8051579VV),CALL (F) FORD MTR CO DEL COM SEP 12 25 $11.5 (100 SHS),2025-08-11,2025-08-08,11,$341.27,$245.58, --, -$95.69,
F250912C11.5(8051579VV),CALL (F) FORD MTR CO DEL COM SEP 12 25 $11.5 (100 SHS),2025-08-11,2025-08-08,1,$31.02,$22.33, --, -$8.69,
F250912C11.5(8051579VV),CALL (F) FORD MTR CO DEL COM SEP 12 25 $11.5 (100 SHS),2025-08-11,2025-08-08,5,$155.13,$111.63, --, -$43.50,
HPE251003P22(8096619XZ),PUT (HPE) HEWLETT PACKARD OCT 03 25 $22 (100 SHS),2025-09-04,2025-09-03,14,$490.33,"$1,180.57", --,$690.24,
HPE251010P24(8107249CU),PUT (HPE) HEWLETT PACKARD OCT 10 25 $24 (100 SHS),2025-09-18,2025-09-11,12,$396.28,$579.92, --,$183.64,
HPE251010P24(8107249CU),PUT (HPE) HEWLETT PACKARD OCT 10 25 $24 (100 SHS),2025-09-18,2025-09-11,1,$33.02,$46.33, --,$13.31,
INTC(458140100),INTEL CORP COM USD0.001,2026-02-25,2026-03-16,0.995,$46.72,$48.25, --,$1.53,
INTC(458140100),INTEL CORP COM USD0.001,2026-02-25,2026-03-16,"1,017","$47,753.24","$49,319.42", --,$1566.18,
INTC(458140100),INTEL CORP COM USD0.001,2026-02-03,2026-02-06,920,"$46,368.00","$46,791.20", --,$423.20,
INTC(458140100),INTEL CORP COM USD0.001,2026-01-26,2026-01-28,0.825,$35.78,$39.69, --,$3.91,
INTC(458140100),INTEL CORP COM USD0.001,2026-01-26,2026-01-28,66.175,"$2,869.68","$3,183.35", --,$313.67,
INTC(458140100),INTEL CORP COM USD0.001,2026-01-26,2026-01-28,0.825,$35.78,$39.69, --,$3.91,
INTC(458140100),INTEL CORP COM USD0.001,2026-01-16,2026-01-28,900,"$42,412.14","$43,294.50", --,$882.36,
INTC(458140100),INTEL CORP COM USD0.001,2026-01-16,2026-01-21,41,"$1,932.11","$2,200.68", --,$268.57,
INTC(458140100),INTEL CORP COM USD0.001,2026-01-16,2026-01-21,0.332,$15.65,$17.82, --,$2.17,
INTC(458140100),INTEL CORP COM USD0.001,2025-12-10,2026-01-07,0.817,$32.33,$35.45, --,$3.12,
INTC(458140100),INTEL CORP COM USD0.001,2025-12-10,2026-01-07,10.183,$402.99,$441.79, --,$38.80,
INTC(458140100),INTEL CORP COM USD0.001,2025-12-10,2026-01-07,0.588,$23.27,$25.51, --,$2.24,
INTC(458140100),INTEL CORP COM USD0.001,2025-10-29,2026-01-07,557,"$22,984.61","$24,165.67", --,$1181.06,
INTC(458140100),INTEL CORP COM USD0.001,2025-10-29,2026-01-07,450,"$18,795.42","$19,523.43", --,$728.01,
INTC(458140100),INTEL CORP COM USD0.001,2025-10-29,2026-01-07,0.229,$9.45,$9.94, --,$0.49,
INTC(458140100),INTEL CORP COM USD0.001,2025-10-09,2025-10-17,0.296,$11.09,$11.24, --,$0.15,
INTC(458140100),INTEL CORP COM USD0.001,2025-10-09,2025-10-17,0.442,$16.56,$16.79, --,$0.23,
INTC(458140100),INTEL CORP COM USD0.001,2025-10-09,2025-10-17,6.558,$245.68,$249.12, --,$3.44,
INTC(458140100),INTEL CORP COM USD0.001,2025-10-09,2025-10-17,0.442,$16.37,$16.79, --,$0.42,
INTC(458140100),INTEL CORP COM USD0.001,2025-10-09,2025-10-17,"1,045","$38,706.80","$39,695.89", --,$989.09,
INTC(458140100),INTEL CORP COM USD0.001,2025-10-09,2025-10-09,10,$370.40,$374.97, --,$4.57,
INTC(458140100),INTEL CORP COM USD0.001,2025-09-29,2025-10-06,349.193,"$12,078.59","$13,313.51", --,$1234.92,
INTC(458140100),INTEL CORP COM USD0.001,2025-09-29,2025-10-06,0.49,$16.64,$18.68, --,$2.04,
INTC(458140100),INTEL CORP COM USD0.001,2025-09-29,2025-10-06,0.317,$10.99,$12.09, --,$1.10,
INTC(458140100),INTEL CORP COM USD0.001,2025-09-29,2025-10-06,377,"$13,076.13","$14,373.69", --,$1297.56,
INTC(458140100),INTEL CORP COM USD0.001,2025-09-29,2025-10-06,294,"$9,983.36","$11,209.19", --,$1225.83,
INTC(458140100),INTEL CORP COM USD0.001,2025-09-29,2025-10-06,0.807,$27.91,$30.77, --,$2.86,
INTC(458140100),INTEL CORP COM USD0.001,2025-09-25,2025-09-26,0.773,$24.49,$27.74, --,$3.25,
INTC(458140100),INTEL CORP COM USD0.001,2025-09-25,2025-09-26,314.227,"$9,955.81","$11,274.50", --,$1318.69,
INTC(458140100),INTEL CORP COM USD0.001,2025-09-25,2025-09-26,0.621,$19.68,$22.28, --,$2.60,
INTC(458140100),INTEL CORP COM USD0.001,2025-09-19,2025-09-26,0.152,$4.55,$5.45, --,$0.90,
INTC(458140100),INTEL CORP COM USD0.001,2025-09-19,2025-09-26,334,"$9,995.45","$11,983.95", --,$1988.50,
INTC250620P20(7117789PJ),PUT (INTC) INTEL CORP COM JUN 20 25 $20 (100 SHS),2025-06-20,2025-06-16,13,$0.00,$147.82, --,$147.82,
INTC250725P20(7935449BZ),PUT (INTC) INTEL CORP COM JUL 25 25 $20 (100 SHS),2025-06-30,2025-06-24,5,$165.15,$236.60, --,$71.45,
INTC250725P20(7935449BZ),PUT (INTC) INTEL CORP COM JUL 25 25 $20 (100 SHS),2025-06-30,2025-06-24,9,$297.26,$425.88, --,$128.62,
INTC250725P21.5(7935449WW),PUT (INTC) INTEL CORP COM JUL 25 25 $21.5 (100 SHS),2025-07-09,2025-07-01,1,$44.03,$53.32, --,$9.29,
INTC250822P21(7988369MM),PUT (INTC) INTEL CORP COM AUG 22 25 $21 (100 SHS),2025-08-13,2025-08-13,4,$88.10,$141.30, --,$53.20,
INTC250822P23.5(7988359OI),PUT (INTC) INTEL CORP COM AUG 22 25 $23.5 (100 SHS),2025-08-19,2025-08-15,4,$32.10,$113.30, --,$81.20,
INTC250822P23.5(7988359OI),PUT (INTC) INTEL CORP COM AUG 22 25 $23.5 (100 SHS),2025-08-19,2025-08-18,8,$64.19,$418.61, --,$354.42,
INTC250829P21(7998399RL),PUT (INTC) INTEL CORP COM AUG 29 25 $21 (100 SHS),2025-08-12,2025-08-12,4,$216.10,$257.30, --,$41.20,
INTC250829P24(7998399WQ),PUT (INTC) INTEL CORP COM AUG 29 25 $24 (100 SHS),2025-08-25,2025-08-19,10,$270.24,$483.26, --,$213.02,
INTC250829P24(7998399WQ),PUT (INTC) INTEL CORP COM AUG 29 25 $24 (100 SHS),2025-08-25,2025-08-19,2,$54.05,$96.65, --,$42.60,
INTC250912P20(8052059QM),PUT (INTC) INTEL CORP COM SEP 12 25 $20 (100 SHS),2025-08-12,2025-08-11,4,$188.10,$265.30, --,$77.20,
INTC251010C38.5(8176579LL),CALL (INTC) INTEL CORP COM OCT 10 25 $38.5 (100 SHS),2025-10-09,2025-10-09,10,$340.19,$273.31, --, -$66.88,
INTC251017P35.5(8158499GG),PUT (INTC) INTEL CORP COM OCT 17 25 $35.5 (100 SHS),2025-10-09,2025-10-06,11,$876.36,$938.64, --,$62.28,
INTC251024P28(8115119GA),PUT (INTC) INTEL CORP COM OCT 24 25 $28 (100 SHS),2025-09-25,2025-09-19,7,$522.71,$786.29, --,$263.58,
INTC251024P37(8156019QQ),PUT (INTC) INTEL CORP COM OCT 24 25 $37 (100 SHS),2025-10-24,2025-10-21,10,$10.19,"$1,543.31", --,$1533.12,
INTC251121C45(8155339NN),CALL (INTC) INTEL CORP COM NOV 21 25 $45 (100 SHS),2025-11-06,2025-11-05,10,$390.19,$443.31, --,$53.12,
INTC251121P35(7805249KI),PUT (INTC) INTEL CORP COM NOV 21 25 $35 (100 SHS),2025-10-28,2025-10-24,12,$720.22,$951.98, --,$231.76,
INTC251212C42.5(8330849LF),CALL (INTC) INTEL CORP COM DEC 12 25 $42.5 (100 SHS),2025-12-10,2025-12-09,10,$140.14,$303.36, --,$163.22,
INTC251219C41(8156009RN),CALL (INTC) INTEL CORP COM DEC 19 25 $41 (100 SHS),2025-11-25,2025-11-24,10,$470.19,$513.31, --,$43.12,
INTC251226C41(8252999TN),CALL (INTC) INTEL CORP COM DEC 26 25 $41 (100 SHS),2025-12-08,2025-11-28,10,"$1,606.64","$1,713.31", --,$106.67,
INTC251226C41(8252999TN),CALL (INTC) INTEL CORP COM DEC 26 25 $41 (100 SHS),2025-11-26,2025-11-26,10,$726.69,$763.31, --,$36.62,
INTC260123C51(8325329PN),CALL (INTC) INTEL CORP COM JAN 23 26 $51 (100 SHS),2026-01-23,2026-01-16,9,$108.21,$830.94, --,$722.73,
INTC260130C41(8341709AA),CALL (INTC) INTEL CORP COM JAN 30 26 $41 (100 SHS),2026-01-05,2026-01-02,10,"$1,836.74","$1,993.26", --,$156.52,
INTC260227P45(8398689NN),PUT (INTC) INTEL CORP COM FEB 27 26 $45 (100 SHS),2026-02-02,2026-01-30,10,"$1,126.74","$1,573.26", --,$446.52,
INTC260313P45(8448609XT),PUT (INTC) INTEL CORP COM MAR 13 26 $45 (100 SHS),2026-02-09,2026-02-09,10,"$1,676.74","$2,253.26", --,$576.52,
INTC260313P47(8448609IC),PUT (INTC) INTEL CORP COM MAR 13 26 $47 (100 SHS),2026-02-25,2026-02-10,10,"$2,486.74","$2,303.26", --, -$183.48,
INTC260410C50(8517309RL),CALL (INTC) INTEL CORP COM APR 10 26 $50 (100 SHS),2026-03-06,2026-03-05,10,"$1,586.73","$2,173.27", --,$586.54,
INTC260417C49(8175029IG),CALL (INTC) INTEL CORP COM APR 17 26 $49 (100 SHS),2026-03-12,2026-03-10,10,"$2,286.73","$2,533.27", --,$246.54,
KMI(49456B101),KINDER MORGAN INC COM USD0.01,2026-04-10,2026-05-12,"1,351.481","$44,314.92","$44,097.92", --, -$217.00,
KMI(49456B101),KINDER MORGAN INC COM USD0.01,2026-04-10,2026-05-12,0.519,$17.02,$16.93, --, -$0.09,
KMI(49456B101),KINDER MORGAN INC COM USD0.01,2026-04-10,2026-05-12,200.519,"$6,575.00","$6,541.79", --, -$33.21,
KMI260515C33(8553709BX),CALL (KMI) KINDER MORGAN INC MAY 15 26 $33 (100 SHS),2026-04-28,2026-04-14,15,$225.34,$499.91, --,$274.57,
KMI260515C33(8553709BX),CALL (KMI) KINDER MORGAN INC MAY 15 26 $33 (100 SHS),2026-04-13,2026-04-10,9,$432.20,$722.92, --,$290.72,
KMI260515C33(8553709BX),CALL (KMI) KINDER MORGAN INC MAY 15 26 $33 (100 SHS),2026-04-13,2026-04-10,6,$288.14,$499.94, --,$211.80,
KMI260515P30.5(8646329SO),PUT (KMI) KINDER MORGAN INC MAY 15 26 $30.5 (100 SHS),2026-04-30,2026-05-11,15,$235.09,$70.91, --, -$164.18,
OBDC(69121K104),BLUE OWL CAPITAL CORPORATION COM USD0.01,2025-02-03,2025-02-21,199.731,"$3,014.94","$3,090.75", --,$75.81,
OBDC(69121K104),BLUE OWL CAPITAL CORPORATION COM USD0.01,2025-02-03,2025-02-21,0.269,$4.06,$4.16, --,$0.10,
OBDC(69121K104),BLUE OWL CAPITAL CORPORATION COM USD0.01,2025-02-03,2025-02-21,131,"$1,976.79","$2,027.17", --,$50.38,
OBDC(69121K104),BLUE OWL CAPITAL CORPORATION COM USD0.01,2025-02-03,2025-02-21,0.269,$4.06,$4.16, --,$0.10,
OBDC250221C15(7601619FF),CALL (OBDC) BLUE OWL CAPITAL FEB 21 25 $15 (100 SHS),2025-02-21,2025-02-19,3,$135.08,$177.97, --,$42.89,
PFE(717081103),PFIZER INC,2025-09-08,2025-09-09,403.388,"$9,969.73","$9,961.67", --, -$8.06,
PFE(717081103),PFIZER INC,2025-09-08,2025-09-09,0.612,$15.13,$15.11, --, -$0.02,
PFE(717081103),PFIZER INC,2025-09-08,2025-09-09,0.612,$15.13,$15.11, --, -$0.02,
RIVN(76954A103),RIVIAN AUTOMOTIVE INC COM CL A,2024-10-23,2024-11-04,100,"$1,008.99","$1,040.97", --,$31.98,
SMCI(86800U302),SUPER MICRO COMPUTERINC COM NEW,2025-09-23,2025-09-23,1,$47.55,$47.62, --,$0.07,
SMCI250919P45(7648129FF),PUT (SMCI) SUPER MICRO COMPUTERSEP 19 25 $45 (100 SHS),2025-07-09,2025-06-30,6,"$2,314.06","$2,695.92", --,$381.86,
SOFI250829P24.5(7999929OM),PUT (SOFI) SOFI TECHNOLOGIES AUG 29 25 $24.5 (100 SHS),2025-08-28,2025-08-25,11,$154.27,$212.58, --,$58.31,
SOFI250829P24.5(7999929OM),PUT (SOFI) SOFI TECHNOLOGIES AUG 29 25 $24.5 (100 SHS),2025-08-28,2025-08-25,1,$14.02,$19.33, --,$5.31,
UPWK(91688F104),UPWORK INC COM,2025-09-25,2025-09-26,0.931,$17.86,$17.90, --,$0.04,
UPWK(91688F104),UPWORK INC COM,2025-09-25,2025-09-26,617,"$11,837.15","$11,861.83", --,$24.68,
VPU(92204A876),VANGUARD WORLD FD UTILITIES ETF,2024-09-30,2024-11-11,86.762,"$15,062.32","$14,953.02", --, -$109.30,
VPU(92204A876),VANGUARD WORLD FD UTILITIES ETF,2024-09-30,2024-11-11,0.238,$41.32,$41.02, --, -$0.30,
VPU(92204A876),VANGUARD WORLD FD UTILITIES ETF,2024-09-30,2024-11-11,0.238,$41.32,$41.01, --, -$0.31,
VTSI(92827K301),VIRTRA INC COM PAR,2024-10-23,2025-02-03,300,"$1,852.89","$1,886.64", --,$33.75,
